{
  "adversarial_training": {
    "ResNet18": {
      "training_time": "4:30:15",
      "best_adv_acc": 45.2,
      "val_clean_accs": [
        69.41685981735804,
        69.83878432127248,
        70.30621008152416,
        72.3374899243827,
        69.41213674013271,
        73.91464575702072,
        74.71525010716188,
        72.74129746253789,
        71.46125196284797,
        73.91396382978334,
        71.03397070615365,
        74.16319511550864,
        76.9512596118182,
        73.49944642942089,
        81.77796244867001,
        82.8174879536783,
        77.56951569226086,
        81.0911710564821,
        81.98687631408123,
        83.86428445876669,
        78.55490519298914,
        81.25957377672177,
        82.44754402497125,
        85.94013773265583,
        86.49732371761354,
        85.6564255071147,
        89.90197625735556,
        84.47902234033074,
        86.59035662606613,
        84.7963787415627,
        81.99367842869306,
        87.57396096093613,
        84.49594679634785,
        85.99070267973995,
        85.671692617955,
        90.35342765800009,
        88.48043885575984,
        87.32861989690026,
        87.1587328273531,
        87.80797448433947,
        86.87532087004811,
        86.72071924389759,
        89.05287684760077,
        87.97173477238378,
        87.76497468809096,
        88.6159436592881,
        85.49909845064812,
        86.32465660787823,
        84.31088965950231,
        85.84765074587804
      ],
      "val_adv_accs": [
        12.35593460106345,
        11.168792710411193,
        6.579874240729156,
        13.355016780120245,
        13.50753460921367,
        13.668673029255388,
        11.660881931187696,
        17.895519907689653,
        18.751423715704902,
        18.693065005640694,
        19.331793414178364,
        20.867375293051136,
        25.434238536246944,
        29.893468603380658,
        30.011456737636237,
        27.99732370312059,
        28.492187934280633,
        30.460759107656415,
        31.655642792291317,
        33.13229727846393,
        35.26801953375831,
        39.09368074825657,
        43.15001015606867,
        39.47437779602312,
        40.49757592155862,
        47.04777609086552,
        37.985094297347445,
        45.46749715074934,
        44.641457832695295,
        38.12648828017885,
        41.08361860217075,
        40.72749672917466,
        42.143290230532706,
        47.4466626470461,
        42.74599621566419,
        46.78499531662689,
        43.90004815870178,
        47.19036103844993,
        40.140942302529645,
        47.171428269340616,
        45.22736844588523,
        41.63143850493634,
        47.18259591829249,
        38.6875489967801,
        46.87822483300076,
        40.07393834374146,
        47.76493067881251,
        47.36853117191479,
        47.52245522239236,
        43.920973364411694
      ]
    },
    "ViT-Small": {
      "training_time": "5:15:30",
      "best_adv_acc": 38.7,
      "val_clean_accs": [
        66.63475148756856,
        65.5001567474622,
        68.33884173897574,
        69.68848721281209,
        61.34633804998652,
        64.30544917460708,
        68.20828710715507,
        67.52659738816386,
        72.00010683956525,
        73.25067113383274,
        76.2098081907221,
        71.04429877169882,
        71.4464038635778,
        74.52819580396275,
        72.24173517884326,
        75.2218142509578,
        73.65428788878941,
        80.90735321058462,
        80.17480795879523,
        78.84481974669237,
        81.23214604125008,
        74.7150423362187,
        81.03353706910309,
        81.10283951946062,
        77.9517432992445,
        79.56994364490427,
        78.6470325778638,
        86.3561699313626,
        79.3782753235261,
        86.35433796048954,
        82.27493189318781,
        83.71112366371537,
        82.07078364279255,
        82.4428439818048,
        84.847174662817,
        81.12883490617219,
        81.54638963750189,
        84.68577512569162,
        81.21658517890505,
        86.98443323359132,
        83.63220267495471,
        81.84835795720731,
        85.90140007603748,
        86.79289676746826,
        84.32326256810568,
        82.64592545213277,
        81.5299898997573,
        76.88624150278521,
        83.20663497483417,
        83.93843232024514
      ],
      "val_adv_accs": [
        5.706472111423903,
        4.260977305805772,
        8.907243932265182,
        12.009887580547549,
        9.64199835692476,
        12.808323453329496,
        8.27694468526542,
        13.569588689458856,
        13.160061946819782,
        16.455195242207456,
        15.651695222635302,
        17.031794013347323,
        12.167006670402507,
        17.577117434590235,
        19.688908203950895,
        24.009128065190534,
        24.986962212618906,
        27.611407259176335,
        35.91761062267059,
        32.337304249910126,
        37.644525801834064,
        33.91879499893313,
        37.72849073440091,
        33.18438256598258,
        36.019855757808294,
        33.79618223691795,
        33.693458196371076,
        39.60216741861376,
        38.10660261587329,
        34.15492689125407,
        36.33207721411284,
        41.669391160450516,
        39.35254563196067,
        33.76472255431285,
        36.11265277368083,
        36.08585084845311,
        39.27873366014457,
        40.64639903255022,
        35.7078622548843,
        38.406249705968406,
        44.863304877955045,
        36.555970667902436,
        39.46050894279532,
        34.61923239120186,
        45.82494696617271,
        44.64214932652749,
        44.554469071145476,
        44.21361395999533,
        36.505948104908214,
        40.560037504994824
      ]
    }
  }
}