{
  "ResNet18": {
    "training_time": "1:45:20",
    "best_iou": 0.423,
    "val_accuracies": [
      88.80681183714647,
      89.43058520285926,
      89.74219129685777,
      86.99327087855285,
      88.82265918808163,
      89.36720504091996,
      90.83864243200087,
      88.73936878541109,
      92.09313511993818,
      90.24700826163237,
      89.91636434811834,
      87.87926378291725,
      90.13575534818014,
      91.90848600707378,
      91.15588017531527,
      93.37835260346273,
      92.22860344685374,
      89.5513835655968,
      92.99056233494531,
      92.42838069227777,
      91.61467437409878,
      92.52708087343304,
      93.1550361465706,
      90.82761194147467,
      91.43794726160654,
      92.40468709857073,
      90.42862814501572,
      90.72878814557376,
      92.8470315191126,
      91.33985834390363
    ],
    "val_ious": [
      0.16698770258789863,
      0.1461622810464409,
      0.19191521906563028,
      0.2000727620287619,
      0.16816877777147746,
      0.19903485780525257,
      0.23493892383149118,
      0.2577245512698714,
      0.2997881463420186,
      0.29955961788582,
      0.3167776128444728,
      0.3408115642466854,
      0.36859452302018525,
      0.38158595531561246,
      0.3865508273183469,
      0.4199488979032666,
      0.40828654294696365,
      0.40667781066495395,
      0.43166179136473926,
      0.44301462038587747,
      0.4075125336902141,
      0.42651933091850175,
      0.4150807970521653,
      0.38433231373310084,
      0.43695328504360703,
      0.43153523358651363,
      0.4120982095355967,
      0.42099800245952607,
      0.41689623586139385,
      0.4082918741688004
    ]
  },
  "ViT-Small": {
    "training_time": "2:10:15",
    "best_iou": 0.387,
    "val_accuracies": [
      86.48921825602838,
      84.06394838649632,
      81.68459986108137,
      84.83183773924794,
      87.53812353026728,
      86.47599704690295,
      86.77671835904452,
      87.3741718588875,
      86.26551127321704,
      89.36136607251345,
      85.37319101482053,
      86.36804483296964,
      90.84175081771443,
      88.12599329453775,
      91.12010547950658,
      88.65192677332463,
      88.1461946931412,
      87.36891595468872,
      91.50555444939027,
      91.33030932733185,
      86.90184421412074,
      90.18262133795028,
      88.14615813604729,
      85.43062882720126,
      88.04885564996134,
      88.19392664415771,
      88.927867905903,
      87.60033792372106,
      87.86855501994083,
      88.48271733850943
    ],
    "val_ious": [
      0.11607629858641455,
      0.15046503144830045,
      0.16940058236931632,
      0.17162289407939657,
      0.1098166882538591,
      0.15866926196401762,
      0.21785311731921353,
      0.22972310970809703,
      0.24918691344006136,
      0.2810178279215471,
      0.2792705627178425,
      0.30129653580992755,
      0.3040209463005954,
      0.3175516530390523,
      0.39681299328378866,
      0.33315997642789574,
      0.34412282374681014,
      0.36469701020297884,
      0.40539904378577024,
      0.36158312719391694,
      0.35184528876825805,
      0.38896470182101894,
      0.3952300497695474,
      0.3440518885666517,
      0.3684629418696008,
      0.3942732947735704,
      0.3934942984244485,
      0.3840700182008884,
      0.40631590449975996,
      0.4125546393477226
    ]
  }
}