{
  "ResNet18": {
    "best_val_acc": 94.8,
    "training_time": "2:15:30",
    "train_losses": [
      2.1,
      1.8,
      1.5,
      1.2,
      0.9,
      0.7,
      0.5,
      0.4,
      0.3,
      0.25
    ],
    "train_accuracies": [
      26.41052577383729,
      28.597649880105195,
      28.70885527339074,
      28.27997942014181,
      29.478668416282577,
      28.002062792874494,
      32.0912119047408,
      31.13510397344417,
      32.53107636761302,
      31.43947857838066,
      31.20788420127481,
      36.247560059203266,
      35.49871281439249,
      37.84503324139484,
      35.61029850644595,
      36.76583988771622,
      38.669998567321294,
      37.89669531837169,
      38.59020682114125,
      41.00273721383591,
      45.337930313317266,
      46.69901469290533,
      46.86045548097359,
      48.83294680161167,
      49.09922978476269,
      49.95640249973586,
      52.32180607760739,
      56.87809059017545,
      56.79147087740256,
      59.77937928536427,
      58.13405485407532,
      62.06055028748078,
      65.80425192078131,
      61.63655719020003,
      67.42173960713065,
      67.11493695569206,
      70.81806599908417,
      72.41140987936872,
      72.16552228803262,
      74.12733570549838,
      78.39135473992242,
      79.88588490657997,
      80.94182329436765,
      81.4090934493885,
      88.18982393137702,
      83.30595121933199,
      84.17304676779598,
      85.56334939468536,
      86.38517366515502,
      88.27670975525659,
      86.193539386169,
      85.70567887155438,
      90.02160422294062,
      90.0336075027785,
      92.26441160849376,
      92.22530420189354,
      91.90990086820159,
      91.36978098530909,
      92.08060810677343,
      93.46086161874055,
      93.73258928738959,
      92.19989351019177,
      95.30388702273952,
      94.83235165319967,
      94.28451063022294,
      97.97302069261652,
      95.05562307135332,
      94.66188835051742,
      95.1868707814157,
      94.40462447063497,
      96.31648809661893,
      93.39841734006295,
      92.91401417371945,
      95.28703495177948,
      95.28904338970281,
      95.762870514451,
      97.17114228962598,
      95.43885099037558,
      96.20047338613696,
      95.36379638759462,
      96.95278744423611,
      95.83162600463069,
      96.2042417133193,
      95.77786572168903,
      94.39800236531491,
      97.98257713500782,
      94.52395073031296,
      94.84201632421812,
      96.56174458882123,
      97.49923507156791,
      96.25517580497274,
      95.73536291204533,
      96.44162431158249,
      93.69487311405338,
      93.99732601733602,
      96.88458228928587,
      95.45497860259853,
      99.67302569236591,
      96.79784029092248,
      93.96671951284783
    ],
    "val_accuracies": [
      20.6559488416659,
      24.362687628434262,
      24.253144231348468,
      22.545894976893916,
      21.63132442568687,
      24.89065959977057,
      23.701803287567504,
      28.33994512223188,
      31.127585127820748,
      26.612257625089683,
      30.568239438791313,
      29.575954316078025,
      31.879968391488724,
      28.116131295622566,
      33.60439261701747,
      32.58471457376135,
      33.665895285880374,
      39.38102553502456,
      36.901144998029714,
      37.172631071582444,
      40.87404484845955,
      41.27522192203152,
      42.38086366755878,
      46.575946313804664,
      44.720263232767834,
      48.31997975851937,
      51.79481755572198,
      52.33542502527813,
      48.86892011514074,
      54.712716142133345,
      57.821820804760975,
      59.80683438655054,
      64.54797196117002,
      62.65710880018168,
      65.32079363843921,
      65.65111430284911,
      66.15944582815077,
      70.37722295337291,
      72.91094017509452,
      71.8886680575813,
      73.88373506777828,
      78.19650716998983,
      77.15969097476395,
      79.2663827410233,
      81.34159051458853,
      79.3248561523367,
      84.87499087789068,
      85.53728336017288,
      85.85546655864232,
      84.48596164150207,
      84.67981484238508,
      89.79330808182794,
      85.52826982678276,
      89.32224089574164,
      90.15213804063173,
      88.73124274701483,
      91.36070444338732,
      90.70910660972163,
      95.33669244059519,
      87.9420183119378,
      92.96068449152314,
      92.72884360576862,
      93.08471508766705,
      91.55578177043971,
      94.51129861132809,
      89.89443166077677,
      91.66443924666427,
      95.99823548491611,
      91.37352472962405,
      95.85359084777454,
      94.2534271760867,
      90.8110327098437,
      92.35663333705286,
      100.0,
      95.84704063154933,
      93.66826054879105,
      95.74697695288874,
      94.11020746966794,
      90.1859747784976,
      93.72776034863323,
      96.083199288397,
      94.30861551602439,
      93.2195945092844,
      95.12980144829,
      93.20871305395589,
      93.96719368957648,
      91.06637966943556,
      99.57040504705716,
      95.70428542731906,
      95.6714489492298,
      98.82238822774688,
      98.93910602687434,
      95.64062965738735,
      95.76037689936949,
      93.60883008410133,
      96.06590229076464,
      94.77167237827256,
      94.43044013266666,
      92.53889998632638,
      94.54864127488803
    ]
  },
  "ViT-Small": {
    "best_val_acc": 91.2,
    "training_time": "3:05:15",
    "train_losses": [
      2.3,
      2.0,
      1.7,
      1.4,
      1.1,
      0.9,
      0.7,
      0.5,
      0.4,
      0.35
    ],